{
    "overall_results": {
        "Vwap": {
            "profit": -9611.634200000002,
            "buys": 296,
            "sells": 242,
            "total_positions_held": 54
        },
        "MovingAverage": {
            "profit": -7809.585599999971,
            "buys": 7083,
            "sells": 6959,
            "total_positions_held": 124
        }
    },
    "collected_at": "2023-08-26T15:09:00.235644"
}