{"overall_results": {"Vwap": {"profit": -7318.488799999999, "buys": 87, "sells": 40, "total_positions_held": 47}, "MovingAverage": {"profit": -11409.7484, "buys": 4267, "sells": 4177, "total_positions_held": 90}}, "collected_at": "2023-08-13T21:17:40.871537"}