{
    "overall_results": {
        "MovingAverage": {
            "profit": -8227.427999999985,
            "buys": 1904,
            "sells": 1844,
            "total_positions_held": 60
        },
        "Vwap": {
            "profit": -0.4700000000000273,
            "buys": 4,
            "sells": 4,
            "total_positions_held": 0
        }
    },
    "collected_at": "2023-08-31T19:06:32.405295"
}