{"overall_results": {"Vwap": {"profit": -9629.4015, "buys": 97, "sells": 38, "total_positions_held": 59}, "MovingAverage": {"profit": -22310.516100000008, "buys": 4806, "sells": 4646, "total_positions_held": 160}}, "collected_at": "2023-08-16T20:20:44.136254"}