{"overall_results": {"Vwap": {"profit": -35.919999999999845, "buys": 16, "sells": 16, "total_positions_held": 0}, "MovingAverage": {"profit": -11971.163599999998, "buys": 3298, "sells": 3198, "total_positions_held": 100}}, "collected_at": "2023-08-30T20:21:57.077304"}