{"overall_results": {"MovingAverage": {"profit": -21747.69247999999, "buys": 3257, "sells": 3087, "total_positions_held": 170}, "Vwap": {"profit": -25097.85294099999, "buys": 25652, "sells": 25473, "total_positions_held": 179}}, "collected_at": "2023-08-05T19:43:14.205456"}