{"overall_results": {"Vwap": {"profit": 4.475000000000136, "buys": 3, "sells": 3, "total_positions_held": 0}, "MovingAverage": {"profit": 55.31320000000005, "buys": 105, "sells": 105, "total_positions_held": 0}}, "collected_at": "2023-08-26T19:26:40.252364"}