{"overall_results": {"Vwap": {"profit": -5473.854800000002, "buys": 197, "sells": 176, "total_positions_held": 21}, "MovingAverage": {"profit": -29279.90700000001, "buys": 3426, "sells": 3276, "total_positions_held": 150}}, "collected_at": "2023-08-26T21:10:40.663908"}